"Име на кандидат/член на ИнК","Предоставил средства на","От дата","Вид","Размер  1","Стойност 2","Декл. 3"
"Аделина Златанова","БЪЛГАРСКИ ГЛАСЪ - Партия","07.05.2024","Кандидат","900.00 лв.","0.00 лв.",""
"Албена  Върбанова","ЗЕЛЕНО ДВИЖЕНИЕ - Партия","29.05.2024","Кандидат","600.00 лв.","0.00 лв.",""
"Александър  Александров","ИМА ТАКЪВ НАРОД - Партия","06.06.2024","Кандидат","1050.00 лв.","0.00 лв.","Свали"
"Александър  Марков","ИМА ТАКЪВ НАРОД - Партия","03.06.2024","","300.00 лв.","0.00 лв.",""
"Александър Алексанров","ИМА ТАКЪВ НАРОД - Партия","22.05.2024","Кандидат","750.00 лв.","0.00 лв.","Свали"
"Александър Кръстев","КП СОЛИДАРНА БЪЛГАРИЯ - Коалиция","05.06.2024","Кандидат","600.00 лв.","0.00 лв.",""
"Ангел  Коджаманов","КП ЛЕВИЦАТА! - Коалиция","","Кандидат","904.00 лв.","0.00 лв.",""
"Андрей  Цеков","КП ПРОДЪЛЖАВАМЕ ПРОМЯНАТА - ДЕМОКРАТИЧНА БЪЛГАРИЯ - Коалиция","10.05.2024","","30000.00 лв.","0.00 лв.","Свали"
"Андрей Цеков","КП ПРОДЪЛЖАВАМЕ ПРОМЯНАТА - ДЕМОКРАТИЧНА БЪЛГАРИЯ - Коалиция","30.05.2024","","5000.00 лв.","0.00 лв.","Свали"
"Андриян Дойнов","БЪЛГАРСКИ ГЛАСЪ - Партия","07.05.2024","Кандидат","700.00 лв.","0.00 лв.",""
"Анелия Никова","БЪЛГАРСКИ ГЛАСЪ - Партия","17.05.2024","Кандидат","450.00 лв.","0.00 лв.",""
"Анета Атанасова","КП ЛЕВИЦАТА! - Коалиция","","Кандидат","900.00 лв.","0.00 лв.",""
"Антоан Кръстев","БЪЛГАРСКИ ГЛАСЪ - Партия","17.05.2024","Кандидат","700.00 лв.","0.00 лв.",""
"Антоанета Цонева","КП ПРОДЪЛЖАВАМЕ ПРОМЯНАТА - ДЕМОКРАТИЧНА БЪЛГАРИЯ - Коалиция","08.05.2024","Кандидат","0.00 лв.","60.00 лв.",""
"Антоанета Цонева","КП ПРОДЪЛЖАВАМЕ ПРОМЯНАТА - ДЕМОКРАТИЧНА БЪЛГАРИЯ - Коалиция","22.05.2024","","0.00 лв.","162.00 лв.",""
"Антоанета Цонева","КП ПРОДЪЛЖАВАМЕ ПРОМЯНАТА - ДЕМОКРАТИЧНА БЪЛГАРИЯ - Коалиция","06.06.2024","","0.00 лв.","300.00 лв.",""
"Асен Асенов","БЪЛГАРСКИ ГЛАСЪ - Партия","10.05.2024","Кандидат","900.00 лв.","0.00 лв.",""
"Асен Даскалов","КП ПРОДЪЛЖАВАМЕ ПРОМЯНАТА - ДЕМОКРАТИЧНА БЪЛГАРИЯ - Коалиция","17.05.2024","","0.00 лв.","201.60 лв.",""
"Асен Даскалов","КП ПРОДЪЛЖАВАМЕ ПРОМЯНАТА - ДЕМОКРАТИЧНА БЪЛГАРИЯ - Коалиция","27.05.2024","","0.00 лв.","500.00 лв.",""
"Асен Никодимов","БЪЛГАРСКИ ГЛАСЪ - Партия","07.05.2024","Кандидат","900.00 лв.","0.00 лв.",""
"Атанас Йончев","БЪЛГАРСКИ ГЛАСЪ - Партия","07.05.2024","Кандидат","350.00 лв.","0.00 лв.",""
"Атанас Римпев","БЪЛГАРСКИ ГЛАСЪ - Партия","06.05.2024","Кандидат","450.00 лв.","0.00 лв.",""
"БОРЯНА  ХРИСИМОВА","ЗЕЛЕНО ДВИЖЕНИЕ - Партия","16.05.2024","Кандидат","1000.00 лв.","0.00 лв.","Свали"
"БОРЯНА  ХРИСИМОВА","ЗЕЛЕНО ДВИЖЕНИЕ - Партия","02.06.2024","Кандидат","300.00 лв.","0.00 лв.","Свали"
"Белин Белев","КП СИНЯ БЪЛГАРИЯ - Коалиция","","Кандидат","0.00 лв.","9152.74 лв.","Свали"
"Богдан Богданов","КП ПРОДЪЛЖАВАМЕ ПРОМЯНАТА - ДЕМОКРАТИЧНА БЪЛГАРИЯ - Коалиция","13.05.2024","","0.00 лв.","525.00 лв.","Свали"
"Богдан Богданов","КП ПРОДЪЛЖАВАМЕ ПРОМЯНАТА - ДЕМОКРАТИЧНА БЪЛГАРИЯ - Коалиция","17.05.2024","","0.00 лв.","588.00 лв.","Свали"
"Богдан Богданов","КП ПРОДЪЛЖАВАМЕ ПРОМЯНАТА - ДЕМОКРАТИЧНА БЪЛГАРИЯ - Коалиция","28.05.2024","","0.00 лв.","860.00 лв.","Свали"
"Богдан Богданов","КП ПРОДЪЛЖАВАМЕ ПРОМЯНАТА - ДЕМОКРАТИЧНА БЪЛГАРИЯ - Коалиция","27.05.2024","","0.00 лв.","440.00 лв.","Свали"
"Богдан Богданов","КП ПРОДЪЛЖАВАМЕ ПРОМЯНАТА - ДЕМОКРАТИЧНА БЪЛГАРИЯ - Коалиция","01.06.2024","","0.00 лв.","844.92 лв.","Свали"
"Борис Ячев","КП СИНЯ БЪЛГАРИЯ - Коалиция","","Кандидат","3000.00 лв.","0.00 лв.","Свали"
"Борис Ячев","КП СИНЯ БЪЛГАРИЯ - Коалиция","","Кандидат","1830.85 лв.","0.00 лв.","Свали"
"Борис Ячев","КП СИНЯ БЪЛГАРИЯ - Коалиция","","Кандидат","4850.00 лв.","0.00 лв.","Свали"
"Борислав  Сандов","ЗЕЛЕНО ДВИЖЕНИЕ - Партия","04.06.2024","Кандидат","0.00 лв.","270.00 лв.",""
"Борислав Борисов","БЪЛГАРСКИ ГЛАСЪ - Партия","10.05.2024","","900.00 лв.","0.00 лв.",""
"Борислав Инчев","КП СИНЯ БЪЛГАРИЯ - Коалиция","","Кандидат","0.00 лв.","1080.00 лв.","Свали"
"Борислав Инчев","КП СИНЯ БЪЛГАРИЯ - Коалиция","","Кандидат","0.00 лв.","657.16 лв.","Свали"
"Борислав Пешев","ИМА ТАКЪВ НАРОД - Партия","07.06.2024","Кандидат","100.00 лв.","0.00 лв.",""
"Борислава Пенева","КП СИНЯ БЪЛГАРИЯ - Коалиция","","Кандидат","2500.00 лв.","0.00 лв.","Свали"
"Борислава Пенева","КП СИНЯ БЪЛГАРИЯ - Коалиция","","Кандидат","850.00 лв.","0.00 лв.","Свали"
"Боян Саркизов","КП БСП ЗА БЪЛГАРИЯ - Коалиция","","Кандидат","760.00 лв.","0.00 лв.",""
"ВЛАДИМИР МИТОВ","ВМРО-БЪЛГАРСКО НАЦИОНАЛНО ДВИЖЕНИЕ - Партия","27.05.2024","Кандидат","899.00 лв.","0.00 лв.","Свали"
"Валенина Димова","КП БСП ЗА БЪЛГАРИЯ - Коалиция","","Кандидат","1000.00 лв.","0.00 лв.","Свали"
"Валентин Иванов","КП СОЛИДАРНА БЪЛГАРИЯ - Коалиция","16.05.2024","Кандидат","300.00 лв.","0.00 лв.",""
"Валентина Динкова","КП ЛЕВИЦАТА! - Коалиция","","Кандидат","700.00 лв.","0.00 лв.",""
"Валери Георгиев","КП СИНЯ БЪЛГАРИЯ - Коалиция","","Кандидат","1008.00 лв.","0.00 лв.","Свали"
"Валери Георгиев","КП СИНЯ БЪЛГАРИЯ - Коалиция","","Кандидат","0.00 лв.","2584.00 лв.","Свали"
"Валери Георгиев","КП СИНЯ БЪЛГАРИЯ - Коалиция","","Кандидат","0.00 лв.","313.60 лв.","Свали"
"Валери Жаблянов","КП ЛЕВИЦАТА! - Коалиция","","Кандидат","930.00 лв.","0.00 лв.",""
"Валери Жаблянов","КП ЛЕВИЦАТА! - Коалиция","","Кандидат","0.00 лв.","3624.00 лв.","Свали"
"Валери Иванов","КП ЛЕВИЦАТА! - Коалиция","","Кандидат","0.00 лв.","1940.00 лв.","Свали"
"Валери Иванов","КП ЛЕВИЦАТА! - Коалиция","","Кандидат","0.00 лв.","1092.00 лв.","Свали"
"Валерий Георгиев","КП ЛЕВИЦАТА! - Коалиция","","Кандидат","800.00 лв.","0.00 лв.",""
"Ванина Вецина","КП ПРОДЪЛЖАВАМЕ ПРОМЯНАТА - ДЕМОКРАТИЧНА БЪЛГАРИЯ - Коалиция","20.05.2024","","2000.00 лв.","0.00 лв.","Свали"
"Васил Василев","КП ЛЕВИЦАТА! - Коалиция","","Кандидат","500.00 лв.","0.00 лв.",""
"Васил Стефанов","КП ПРОДЪЛЖАВАМЕ ПРОМЯНАТА - ДЕМОКРАТИЧНА БЪЛГАРИЯ - Коалиция","16.05.2024","","695.00 лв.","0.00 лв.",""
"Венко  Сабрутев","КП ПРОДЪЛЖАВАМЕ ПРОМЯНАТА - ДЕМОКРАТИЧНА БЪЛГАРИЯ - Коалиция","23.05.2024","","0.00 лв.","3427.55 лв.","Свали"
"Венко  Сабрутев","КП ПРОДЪЛЖАВАМЕ ПРОМЯНАТА - ДЕМОКРАТИЧНА БЪЛГАРИЯ - Коалиция","27.05.2024","","0.00 лв.","4963.90 лв.","Свали"
"Венко Динев","ЗА ВЕЛИКА БЪЛГАРИЯ - Партия","","Кандидат","1200.00 лв.","0.00 лв.","Свали"
"Венко Сабрутев","КП ПРОДЪЛЖАВАМЕ ПРОМЯНАТА - ДЕМОКРАТИЧНА БЪЛГАРИЯ - Коалиция","13.05.2024","","10000.00 лв.","0.00 лв.","Свали"
"Венко Сабрутев","КП ПРОДЪЛЖАВАМЕ ПРОМЯНАТА - ДЕМОКРАТИЧНА БЪЛГАРИЯ - Коалиция","13.05.2024","","10000.00 лв.","0.00 лв.","Свали"
"Венко Сабрутев","КП ПРОДЪЛЖАВАМЕ ПРОМЯНАТА - ДЕМОКРАТИЧНА БЪЛГАРИЯ - Коалиция","13.05.2024","","10000.00 лв.","0.00 лв.","Свали"
"Венцислав  Златев","ЗЕЛЕНО ДВИЖЕНИЕ - Партия","27.05.2024","Кандидат","150.00 лв.","0.00 лв.",""
"Виктория Каракостова-Нешева","КП СИНЯ БЪЛГАРИЯ - Коалиция","","Кандидат","735.00 лв.","0.00 лв.","Свали"
"Вили Лилков","КП СИНЯ БЪЛГАРИЯ - Коалиция","","Кандидат","5000.00 лв.","0.00 лв.","Свали"
"Владимир Вълков","КП СОЛИДАРНА БЪЛГАРИЯ - Коалиция","05.06.2024","Кандидат","0.00 лв.","293.47 лв.",""
"Владимир Грамовски","КП БСП ЗА БЪЛГАРИЯ - Коалиция","","Кандидат","900.00 лв.","0.00 лв.",""
"Владимир Караджов","КП СИНЯ БЪЛГАРИЯ - Коалиция","","Кандидат","900.00 лв.","0.00 лв.","Свали"
"ГЕОРГИ КАДИЕВ","КП СОЛИДАРНА БЪЛГАРИЯ - Коалиция","10.05.2024","Кандидат","4500.00 лв.","0.00 лв.","Свали"
"ГЕОРГИ КАДИЕВ","КП СОЛИДАРНА БЪЛГАРИЯ - Коалиция","12.05.2024","Кандидат","1910.00 лв.","0.00 лв.","Свали"
"ГЕОРГИ КАДИЕВ","КП СОЛИДАРНА БЪЛГАРИЯ - Коалиция","13.05.2024","Кандидат","29900.00 лв.","0.00 лв.","Свали"
"ГЕОРГИ КАДИЕВ","КП СОЛИДАРНА БЪЛГАРИЯ - Коалиция","20.05.2024","Кандидат","10000.00 лв.","0.00 лв.","Свали"
"ГЕОРГИ ЛИНДЖЕВ","КП БСП ЗА БЪЛГАРИЯ - Коалиция","","Кандидат","930.00 лв.","0.00 лв.",""
"ГЕОРГИ СВИЛЕНСКИ","КП БСП ЗА БЪЛГАРИЯ - Коалиция","","Кандидат","8913.00 лв.","0.00 лв.","Свали"
"ГЕОРГИ СЕРАФИМОВ","КП БСП ЗА БЪЛГАРИЯ - Коалиция","","Кандидат","990.00 лв.","0.00 лв.","Свали"
"Галина Господинова","КП БСП ЗА БЪЛГАРИЯ - Коалиция","","Кандидат","900.00 лв.","0.00 лв.",""
"Гено Георгиев","БЪЛГАРСКИ ГЛАСЪ - Партия","10.05.2024","Кандидат","900.00 лв.","0.00 лв.",""
"Георги Йорданов","КП БСП ЗА БЪЛГАРИЯ - Коалиция","","Кандидат","900.00 лв.","0.00 лв.",""
"Георги Кючуков","КП ЛЕВИЦАТА! - Коалиция","","Кандидат","900.00 лв.","0.00 лв.",""
"Георги Перпелиев","КП ПРОДЪЛЖАВАМЕ ПРОМЯНАТА - ДЕМОКРАТИЧНА БЪЛГАРИЯ - Коалиция","14.05.2024","","5000.00 лв.","0.00 лв.","Свали"
"Георги Попов","БЪЛГАРСКИ ГЛАСЪ - Партия","07.05.2024","Кандидат","350.00 лв.","0.00 лв.","Свали"
"Георги Попов","БЪЛГАРСКИ ГЛАСЪ - Партия","10.05.2024","Кандидат","2000.00 лв.","0.00 лв.","Свали"
"Георги Янков","КП ЛЕВИЦАТА! - Коалиция","","Кандидат","900.00 лв.","0.00 лв.",""
"Гинка Христова","КП БСП ЗА БЪЛГАРИЯ - Коалиция","","Кандидат","760.00 лв.","0.00 лв.",""
"Гретина Колева","КП БСП ЗА БЪЛГАРИЯ - Коалиция","","Кандидат","1000.00 лв.","0.00 лв.","Свали"
"Григор Иванов","БЪЛГАРСКИ ГЛАСЪ - Партия","08.05.2024","","900.00 лв.","0.00 лв.",""
"ДАНИЕЛА  БОЖИНОВА","ЗЕЛЕНО ДВИЖЕНИЕ - Партия","21.05.2024","Кандидат","0.00 лв.","2317.64 лв.","Свали"
"ДАНИЕЛА  БОЖИНОВА","ЗЕЛЕНО ДВИЖЕНИЕ - Партия","22.05.2024","Кандидат","6000.00 лв.","0.00 лв.","Свали"
"ДИМИТЪР  АНТОВ","ВМРО-БЪЛГАРСКО НАЦИОНАЛНО ДВИЖЕНИЕ - Партия","20.05.2024","Кандидат","500.00 лв.","0.00 лв.","Свали"
"ДИМИТЪР  ДИМИТРОВ","ВМРО-БЪЛГАРСКО НАЦИОНАЛНО ДВИЖЕНИЕ - Партия","06.06.2024","Кандидат","800.00 лв.","0.00 лв.","Свали"
"ДИМО ДИМИТРОВ","ВМРО-БЪЛГАРСКО НАЦИОНАЛНО ДВИЖЕНИЕ - Партия","06.06.2024","Кандидат","800.00 лв.","0.00 лв.","Свали"
"Даниел Георгиев","КП ЛЕВИЦАТА! - Коалиция","","Кандидат","0.00 лв.","888.00 лв.",""
"Даниел Иванов","БЪЛГАРСКИ ГЛАСЪ - Партия","10.05.2024","Кандидат","900.00 лв.","0.00 лв.",""
"Десислава Трифонова","КП СОЛИДАРНА БЪЛГАРИЯ - Коалиция","21.05.2024","Кандидат","0.00 лв.","1137.00 лв.","Свали"
"Десислава Трифонова","КП СОЛИДАРНА БЪЛГАРИЯ - Коалиция","28.05.2024","Кандидат","600.00 лв.","0.00 лв.","Свали"
"Димитрина Торлозова - Алипиева","КП ЦЕНТЪР - Коалиция","29.05.2024","Кандидат","0.00 лв.","917.02 лв.",""
"Димитър  Гърдев","ИМА ТАКЪВ НАРОД - Партия","06.06.2024","Кандидат","400.00 лв.","0.00 лв.","Свали"
"Димитър Борисов","БЪЛГАРСКИ ГЛАСЪ - Партия","07.05.2024","Кандидат","900.00 лв.","0.00 лв.",""
"Димитър Василев","БЪЛГАРСКИ ГЛАСЪ - Партия","10.05.2024","","900.00 лв.","0.00 лв.",""
"Димитър Гърдев","ИМА ТАКЪВ НАРОД - Партия","21.05.2024","Кандидат","1000.00 лв.","0.00 лв.","Свали"
"Димитър Димитров","БЪЛГАРСКИ ГЛАСЪ - Партия","07.05.2024","Кандидат","700.00 лв.","0.00 лв.",""
"Димитър Димитров","КП БСП ЗА БЪЛГАРИЯ - Коалиция","","Кандидат","900.00 лв.","0.00 лв.",""
"Димитър Караджов","КП СОЛИДАРНА БЪЛГАРИЯ - Коалиция","18.05.2024","Кандидат","0.00 лв.","900.00 лв.","Свали"
"Димитър Караджов","КП СОЛИДАРНА БЪЛГАРИЯ - Коалиция","30.05.2024","Кандидат","0.00 лв.","460.00 лв.","Свали"
"Димитър Касъмов","БЪЛГАРСКИ ГЛАСЪ - Партия","08.05.2024","Кандидат","900.00 лв.","0.00 лв.",""
"Димитър Конов","БЪЛГАРСКИ ГЛАСЪ - Партия","17.05.2024","Кандидат","900.00 лв.","0.00 лв.",""
"Димитър Сяров","КП СИНЯ БЪЛГАРИЯ - Коалиция","","Кандидат","3000.00 лв.","0.00 лв.","Свали"
"Димитър Сяров","КП СИНЯ БЪЛГАРИЯ - Коалиция","","Кандидат","423.00 лв.","0.00 лв.","Свали"
"Динко Господинов","КП БСП ЗА БЪЛГАРИЯ - Коалиция","","Кандидат","900.00 лв.","0.00 лв.",""
"Диян Йорданов","БЪЛГАРСКИ ГЛАСЪ - Партия","10.05.2024","Кандидат","900.00 лв.","0.00 лв.",""
"Драго Коев","КП БСП ЗА БЪЛГАРИЯ - Коалиция","","Кандидат","900.00 лв.","0.00 лв.",""
"ЕЛЕНА РАДИНА","ВМРО-БЪЛГАРСКО НАЦИОНАЛНО ДВИЖЕНИЕ - Партия","06.06.2024","Кандидат","900.00 лв.","0.00 лв.","Свали"
"ЕЛЕОНОРА ДИНЕВА","ВМРО-БЪЛГАРСКО НАЦИОНАЛНО ДВИЖЕНИЕ - Партия","06.06.2024","Кандидат","800.00 лв.","0.00 лв.","Свали"
"ЕМИЛ ХУМЧЕВ","КП БСП ЗА БЪЛГАРИЯ - Коалиция","","Кандидат","1000.00 лв.","0.00 лв.","Свали"
"Евгени Ефремов","БЪЛГАРСКИ ГЛАСЪ - Партия","10.05.2024","Кандидат","900.00 лв.","0.00 лв.",""
"Едуард Ненков","БЪЛГАРСКИ ГЛАСЪ - Партия","17.05.2024","Кандидат","900.00 лв.","0.00 лв.",""
"Елиан Пантелеев","КП БСП ЗА БЪЛГАРИЯ - Коалиция","","Кандидат","930.00 лв.","0.00 лв.",""
"Елисавета Досева","КП БСП ЗА БЪЛГАРИЯ - Коалиция","","Кандидат","1500.00 лв.","0.00 лв.","Свали"
"Емил Георгиев","КП БСП ЗА БЪЛГАРИЯ - Коалиция","","Кандидат","1500.00 лв.","0.00 лв.","Свали"
"Емил Димитров","КП СИНЯ БЪЛГАРИЯ - Коалиция","","Кандидат","20000.00 лв.","0.00 лв.","Свали"
"Емил Димитров","КП СИНЯ БЪЛГАРИЯ - Коалиция","","Кандидат","2300.00 лв.","0.00 лв.","Свали"
"Емил Димитров","КП СИНЯ БЪЛГАРИЯ - Коалиция","","Кандидат","4000.00 лв.","0.00 лв.","Свали"
"Емил Соколов","КП ПРОДЪЛЖАВАМЕ ПРОМЯНАТА - ДЕМОКРАТИЧНА БЪЛГАРИЯ - Коалиция","15.05.2024","","0.00 лв.","352.00 лв.","Свали"
"Емил Соколов","КП ПРОДЪЛЖАВАМЕ ПРОМЯНАТА - ДЕМОКРАТИЧНА БЪЛГАРИЯ - Коалиция","12.05.2024","","0.00 лв.","121.48 лв.","Свали"
"Емил Соколов","КП ПРОДЪЛЖАВАМЕ ПРОМЯНАТА - ДЕМОКРАТИЧНА БЪЛГАРИЯ - Коалиция","15.05.2024","","0.00 лв.","219.60 лв.","Свали"
"Емил Соколов","КП ПРОДЪЛЖАВАМЕ ПРОМЯНАТА - ДЕМОКРАТИЧНА БЪЛГАРИЯ - Коалиция","16.05.2024","","1680.00 лв.","0.00 лв.","Свали"
"Емил Соколов","КП ПРОДЪЛЖАВАМЕ ПРОМЯНАТА - ДЕМОКРАТИЧНА БЪЛГАРИЯ - Коалиция","25.05.2024","","0.00 лв.","977.92 лв.","Свали"
"Емил Соколов","КП ПРОДЪЛЖАВАМЕ ПРОМЯНАТА - ДЕМОКРАТИЧНА БЪЛГАРИЯ - Коалиция","04.06.2024","","0.00 лв.","977.92 лв.","Свали"
"Емилия Иванова","КП БСП ЗА БЪЛГАРИЯ - Коалиция","","Кандидат","1000.00 лв.","0.00 лв.","Свали"
"Здравко Златаров","КП ЛЕВИЦАТА! - Коалиция","","Кандидат","900.00 лв.","0.00 лв.",""
"Зорница  Стратиева","ЗЕЛЕНО ДВИЖЕНИЕ - Партия","20.05.2024","Кандидат","0.00 лв.","660.00 лв.",""
"ИВАН ИЛИЕВ","ВМРО-БЪЛГАРСКО НАЦИОНАЛНО ДВИЖЕНИЕ - Партия","06.06.2024","Кандидат","800.00 лв.","0.00 лв.","Свали"
"Ивайло Спасов","КП СИНЯ БЪЛГАРИЯ - Коалиция","","Кандидат","0.00 лв.","84.00 лв.",""
"Ивайло Юруков","КП ЦЕНТЪР - Коалиция","27.05.2024","Кандидат","0.00 лв.","5968.33 лв.","Свали"
"Ивайло Юруков","КП ЦЕНТЪР - Коалиция","28.05.2024","Кандидат","0.00 лв.","14104.35 лв.","Свали"
"Ивайло Юруков","КП ЦЕНТЪР - Коалиция","07.06.2024","Кандидат","0.00 лв.","2810.00 лв.","Свали"
"Ивалинка Цанкова","КП БСП ЗА БЪЛГАРИЯ - Коалиция","","Кандидат","1500.00 лв.","0.00 лв.","Свали"
"Иван Белчев","КП ПРОДЪЛЖАВАМЕ ПРОМЯНАТА - ДЕМОКРАТИЧНА БЪЛГАРИЯ - Коалиция","04.06.2024","","0.00 лв.","240.00 лв.",""
"Иван Белчев","КП ПРОДЪЛЖАВАМЕ ПРОМЯНАТА - ДЕМОКРАТИЧНА БЪЛГАРИЯ - Коалиция","06.06.2024","","0.00 лв.","200.00 лв.",""
"Иван Василев","КП ЛЕВИЦАТА! - Коалиция","","Кандидат","900.00 лв.","0.00 лв.",""
"Иван Грозданов","БЪЛГАРСКИ ГЛАСЪ - Партия","07.05.2024","Кандидат","700.00 лв.","0.00 лв.",""
"Иван Иванов","КП ЛЕВИЦАТА! - Коалиция","","Кандидат","3564.00 лв.","0.00 лв.","Свали"
"Иван Иванов","КП ЛЕВИЦАТА! - Коалиция","","Кандидат","1200.00 лв.","0.00 лв.","Свали"
"Иван Иванов","КП БСП ЗА БЪЛГАРИЯ - Коалиция","","Кандидат","600.00 лв.","0.00 лв.",""
"Иван Кирилов","КП СОЛИДАРНА БЪЛГАРИЯ - Коалиция","14.05.2024","Кандидат","2376.00 лв.","0.00 лв.","Свали"
"Иван Кьоропанов","БЪЛГАРСКИ ГЛАСЪ - Партия","09.05.2024","Кандидат","900.00 лв.","0.00 лв.",""
"Иван Кючуков","ИМА ТАКЪВ НАРОД - Партия","06.06.2024","Кандидат","350.00 лв.","0.00 лв.",""
"Иван Петров","ЗА ВЕЛИКА БЪЛГАРИЯ - Партия","","Кандидат","515.00 лв.","0.00 лв.","Свали"
"Иван Римпев","БЪЛГАРСКИ ГЛАСЪ - Партия","07.05.2024","","900.00 лв.","0.00 лв.",""
"Иван Тодоракев","КП СОЛИДАРНА БЪЛГАРИЯ - Коалиция","21.05.2024","Кандидат","950.00 лв.","0.00 лв.","Свали"
"Иван Тодоров","БЪЛГАРСКИ ГЛАСЪ - Партия","07.05.2024","Кандидат","900.00 лв.","0.00 лв.",""
"Иван Тодоров","КП СИНЯ БЪЛГАРИЯ - Коалиция","","Кандидат","20354.57 лв.","0.00 лв.","Свали"
"Иван Тодоров","КП СИНЯ БЪЛГАРИЯ - Коалиция","","Кандидат","4000.00 лв.","0.00 лв.","Свали"
"Иванка Баева","КП ЛЕВИЦАТА! - Коалиция","","Кандидат","0.00 лв.","1224.00 лв.","Свали"
"Ивелин Димитров","КП ЦЕНТЪР - Коалиция","31.05.2024","Кандидат","0.00 лв.","446.40 лв.",""
"Иво Иванов","КП ЛЕВИЦАТА! - Коалиция","","Кандидат","600.00 лв.","0.00 лв.",""
"Ивомира Кефалова","КП СОЛИДАРНА БЪЛГАРИЯ - Коалиция","04.06.2024","Кандидат","0.00 лв.","900.00 лв.",""
"Иглика Мишева-Брусева","КП СОЛИДАРНА БЪЛГАРИЯ - Коалиция","20.05.2024","Кандидат","800.00 лв.","0.00 лв.",""
"Илза  Христова","ЗЕЛЕНО ДВИЖЕНИЕ - Партия","03.06.2024","Кандидат","0.00 лв.","253.04 лв.",""
"Илиан Василев","КП СОЛИДАРНА БЪЛГАРИЯ - Коалиция","28.05.2024","Кандидат","950.00 лв.","0.00 лв.","Свали"
"Илиан Василев","КП СОЛИДАРНА БЪЛГАРИЯ - Коалиция","06.06.2024","Кандидат","0.00 лв.","950.00 лв.","Свали"
"Илиян  Илиев","ЗЕЛЕНО ДВИЖЕНИЕ - Партия","03.06.2024","Кандидат","0.00 лв.","162.00 лв.",""
"Ирина  Нейкова","КП ЦЕНТЪР - Коалиция","29.05.2024","Кандидат","0.00 лв.","552.00 лв.","Свали"
"Ирина  Нейкова","КП ЦЕНТЪР - Коалиция","30.05.2024","Кандидат","0.00 лв.","600.00 лв.","Свали"
"Йордан Иванов","КП ПРОДЪЛЖАВАМЕ ПРОМЯНАТА - ДЕМОКРАТИЧНА БЪЛГАРИЯ - Коалиция","10.05.2024","Кандидат","0.00 лв.","8730.82 лв.","Свали"
"Йордан Иванов","КП ПРОДЪЛЖАВАМЕ ПРОМЯНАТА - ДЕМОКРАТИЧНА БЪЛГАРИЯ - Коалиция","14.05.2024","","0.00 лв.","600.00 лв.","Свали"
"Йордан Терзийски","КП ПРОДЪЛЖАВАМЕ ПРОМЯНАТА - ДЕМОКРАТИЧНА БЪЛГАРИЯ - Коалиция","03.06.2024","","0.00 лв.","905.52 лв.","Свали"
"Йордан Терзийски","КП ПРОДЪЛЖАВАМЕ ПРОМЯНАТА - ДЕМОКРАТИЧНА БЪЛГАРИЯ - Коалиция","06.06.2024","","0.00 лв.","677.16 лв.","Свали"
"КАЛИНА КАЛИНКОВА-РАДАНОВА","ВМРО-БЪЛГАРСКО НАЦИОНАЛНО ДВИЖЕНИЕ - Партия","20.05.2024","Кандидат","800.00 лв.","0.00 лв.","Свали"
"КАМЕН МАРТИНОВ","КП БСП ЗА БЪЛГАРИЯ - Коалиция","","Кандидат","876.00 лв.","0.00 лв.",""
"КАРЛОС КОНТРЕРА","ВМРО-БЪЛГАРСКО НАЦИОНАЛНО ДВИЖЕНИЕ - Партия","22.05.2024","Кандидат","4000.00 лв.","0.00 лв.","Свали"
"КОРНЕЛИЯ НИНОВА","КП БСП ЗА БЪЛГАРИЯ - Коалиция","","Кандидат","10000.00 лв.","0.00 лв.","Свали"
"КОРНЕЛИЯ НИНОВА","КП БСП ЗА БЪЛГАРИЯ - Коалиция","","Кандидат","990.00 лв.","0.00 лв.","Свали"
"КРАСИМИР ЙОРДАНОВ","КП БСП ЗА БЪЛГАРИЯ - Коалиция","","Кандидат","1000.00 лв.","0.00 лв.","Свали"
"КРАСИМИР ЙОРДАНОВ","КП БСП ЗА БЪЛГАРИЯ - Коалиция","","Кандидат","1000.00 лв.","0.00 лв.","Свали"
"КРАСИМИР ЙОРДАНОВ","КП БСП ЗА БЪЛГАРИЯ - Коалиция","","Кандидат","1000.00 лв.","0.00 лв.","Свали"
"КРАСИМИР ЙОРДАНОВ","КП БСП ЗА БЪЛГАРИЯ - Коалиция","","Кандидат","1000.00 лв.","0.00 лв.","Свали"
"КРАСИМИР ЙОРДАНОВ","КП БСП ЗА БЪЛГАРИЯ - Коалиция","","Кандидат","1000.00 лв.","0.00 лв.","Свали"
"КРАСИМИР КАРАКАЧАНОВ","ВМРО-БЪЛГАРСКО НАЦИОНАЛНО ДВИЖЕНИЕ - Партия","27.05.2024","Кандидат","900.00 лв.","0.00 лв.","Свали"
"КРАСИМИР ЧЕРВИЛОВ","ВМРО-БЪЛГАРСКО НАЦИОНАЛНО ДВИЖЕНИЕ - Партия","06.06.2024","Кандидат","800.00 лв.","0.00 лв.","Свали"
"Камен Делчев","КП ЦЕНТЪР - Коалиция","31.05.2024","Кандидат","0.00 лв.","648.00 лв.",""
"Камен Сейменлийски","КП ЛЕВИЦАТА! - Коалиция","","Кандидат","3564.00 лв.","0.00 лв.","Свали"
"Катя Булянска","КП ЛЕВИЦАТА! - Коалиция","","Кандидат","900.00 лв.","0.00 лв.",""
"Кета Лефтерова","КП СОЛИДАРНА БЪЛГАРИЯ - Коалиция","21.05.2024","Кандидат","670.00 лв.","280.00 лв.","Свали"
"Константин  Костадинов","КП БСП ЗА БЪЛГАРИЯ - Коалиция","","Кандидат","930.00 лв.","0.00 лв.",""
"Красимир Дюлгеров","КП ЦЕНТЪР - Коалиция","30.05.2024","Кандидат","0.00 лв.","700.00 лв.","Свали"
"Красимир Дюлгеров","КП ЦЕНТЪР - Коалиция","04.06.2024","Кандидат","0.00 лв.","700.00 лв.","Свали"
"Красимир Дюлгеров","КП ЦЕНТЪР - Коалиция","07.06.2024","Кандидат","0.00 лв.","600.00 лв.","Свали"
"Красимир Узунов","ИМА ТАКЪВ НАРОД - Партия","17.04.2024","Кандидат","50.00 лв.","0.00 лв.",""
"Кремена Петрова","КП СОЛИДАРНА БЪЛГАРИЯ - Коалиция","10.05.2024","Кандидат","200.00 лв.","0.00 лв.",""
"Кремена Радева","КП БСП ЗА БЪЛГАРИЯ - Коалиция","","Кандидат","1000.00 лв.","0.00 лв.","Свали"
"Кристиан  Вигенин","КП БСП ЗА БЪЛГАРИЯ - Коалиция","","Кандидат","0.00 лв.","7050.00 лв.","Свали"
"Кристиан Вигенин","КП БСП ЗА БЪЛГАРИЯ - Коалиция","","Кандидат","0.00 лв.","600.00 лв.","Свали"
"Кристина Сунгарска","КП СИНЯ БЪЛГАРИЯ - Коалиция","","Кандидат","960.00 лв.","0.00 лв.","Свали"
"ЛЪЧЕЗАР ПРЕДОЕВ","КП БСП ЗА БЪЛГАРИЯ - Коалиция","","Кандидат","1200.00 лв.","0.00 лв.","Свали"
"ЛЮБОМИР  ПОПЙОРДАНОВ","ЗЕЛЕНО ДВИЖЕНИЕ - Партия","20.05.2024","Кандидат","800.00 лв.","0.00 лв.",""
"Леонард Кроян","БЪЛГАРСКИ ГЛАСЪ - Партия","08.05.2024","Кандидат","450.00 лв.","0.00 лв.",""
"Лидия Стойкова - Чорбанова","КП ЛЕВИЦАТА! - Коалиция","","Кандидат","0.00 лв.","200.00 лв.","Свали"
"Лидия Стойкова-Чорбанова","КП ЛЕВИЦАТА! - Коалиция","","Кандидат","0.00 лв.","900.00 лв.","Свали"
"Лозко Лозев","КП ПРОДЪЛЖАВАМЕ ПРОМЯНАТА - ДЕМОКРАТИЧНА БЪЛГАРИЯ - Коалиция","27.05.2024","","2500.00 лв.","0.00 лв.","Свали"
"Любен Йосифов","БЪЛГАРСКИ ГЛАСЪ - Партия","07.05.2024","Кандидат","900.00 лв.","0.00 лв.",""
"Любиша Блажевски","КП ПРОДЪЛЖАВАМЕ ПРОМЯНАТА - ДЕМОКРАТИЧНА БЪЛГАРИЯ - Коалиция","17.05.2024","","0.00 лв.","1327.00 лв.","Свали"
"Любомир  Александров","БЪЛГАРСКИ ГЛАСЪ - Партия","07.05.2024","Кандидат","900.00 лв.","0.00 лв.",""
"Любомир  Терзийски","КП ПРОДЪЛЖАВАМЕ ПРОМЯНАТА - ДЕМОКРАТИЧНА БЪЛГАРИЯ - Коалиция","27.05.2024","","0.00 лв.","120.00 лв.",""
"Любомир  Терзийски","КП ПРОДЪЛЖАВАМЕ ПРОМЯНАТА - ДЕМОКРАТИЧНА БЪЛГАРИЯ - Коалиция","27.05.2024","","0.00 лв.","240.00 лв.",""
"Любомир Димитров","БЪЛГАРСКИ ГЛАСЪ - Партия","07.05.2024","Кандидат","700.00 лв.","0.00 лв.",""
"Людмил Софрониев","КП ПРОДЪЛЖАВАМЕ ПРОМЯНАТА - ДЕМОКРАТИЧНА БЪЛГАРИЯ - Коалиция","14.05.2024","","0.00 лв.","120.00 лв.",""
"МАНОЛ ЖЕЛЕВ","ВМРО-БЪЛГАРСКО НАЦИОНАЛНО ДВИЖЕНИЕ - Партия","06.06.2024","Кандидат","800.00 лв.","0.00 лв.","Свали"
"МАРИН  ЩЕРЕВ","ЗЕЛЕНО ДВИЖЕНИЕ - Партия","26.05.2024","Кандидат","50.00 лв.","0.00 лв.",""
"МАРИНА ХАДЖИИВАНОВА","КП БСП ЗА БЪЛГАРИЯ - Коалиция","","Кандидат","1000.00 лв.","0.00 лв.","Свали"
"МАЯ ДИМИТРОВА","КП БСП ЗА БЪЛГАРИЯ - Коалиция","","Кандидат","900.00 лв.","0.00 лв.",""
"Мариана Рашева","КП ЛЕВИЦАТА! - Коалиция","","Кандидат","900.00 лв.","0.00 лв.",""
"Марийка  Илиева","КП БСП ЗА БЪЛГАРИЯ - Коалиция","","Кандидат","900.00 лв.","0.00 лв.",""
"Мария Зарева - Йорданова","КП ПРОДЪЛЖАВАМЕ ПРОМЯНАТА - ДЕМОКРАТИЧНА БЪЛГАРИЯ - Коалиция","13.05.2024","","0.00 лв.","180.00 лв.",""
"Мария Мачковска-Русинова","КП БСП ЗА БЪЛГАРИЯ - Коалиция","","Кандидат","1000.00 лв.","0.00 лв.","Свали"
"Мария Мицова","КП ПРОДЪЛЖАВАМЕ ПРОМЯНАТА - ДЕМОКРАТИЧНА БЪЛГАРИЯ - Коалиция","03.06.2024","","0.00 лв.","240.00 лв.",""
"Мария Тодорова","КП ЛЕВИЦАТА! - Коалиция","","Кандидат","551.00 лв.","0.00 лв.",""
"Марчело Ризов","БЪЛГАРСКИ ГЛАСЪ - Партия","07.05.2024","Кандидат","350.00 лв.","0.00 лв.",""
"Марчело Ризов","БЪЛГАРСКИ ГЛАСЪ - Партия","09.05.2024","Кандидат","350.00 лв.","0.00 лв.",""
"Мая Манолова - Найденова","КП СОЛИДАРНА БЪЛГАРИЯ - Коалиция","21.05.2024","Кандидат","0.00 лв.","900.00 лв.","Свали"
"Мая Манолова - Найденова","КП СОЛИДАРНА БЪЛГАРИЯ - Коалиция","21.05.2024","Кандидат","3200.00 лв.","0.00 лв.","Свали"
"Мая Манолова - Найденова","КП СОЛИДАРНА БЪЛГАРИЯ - Коалиция","30.05.2024","Кандидат","4770.00 лв.","0.00 лв.","Свали"
"Мая Манолова - Найденова","КП СОЛИДАРНА БЪЛГАРИЯ - Коалиция","02.06.2024","Кандидат","0.00 лв.","1215.00 лв.","Свали"
"Мая Славова","КП БСП ЗА БЪЛГАРИЯ - Коалиция","","Кандидат","600.00 лв.","0.00 лв.",""
"Микаел Чакълджиян","КП БСП ЗА БЪЛГАРИЯ - Коалиция","","Кандидат","930.00 лв.","0.00 лв.",""
"Милен Георгиев","КП СИНЯ БЪЛГАРИЯ - Коалиция","","Кандидат","3500.00 лв.","0.00 лв.","Свали"
"Милен Милчев","ИМА ТАКЪВ НАРОД - Партия","06.06.2024","Кандидат","2200.00 лв.","0.00 лв.","Свали"
"Милена Данкова","КП БСП ЗА БЪЛГАРИЯ - Коалиция","","Кандидат","900.00 лв.","0.00 лв.",""
"Милена Цветкова","КП СОЛИДАРНА БЪЛГАРИЯ - Коалиция","15.05.2024","Кандидат","1000.00 лв.","0.00 лв.","Свали"
"Милко Димитров","БЪЛГАРСКИ ГЛАСЪ - Партия","09.05.2024","Кандидат","900.00 лв.","0.00 лв.",""
"Мими Караколева","КП СОЛИДАРНА БЪЛГАРИЯ - Коалиция","23.05.2024","Кандидат","0.00 лв.","650.00 лв.","Свали"
"Мими Караколева","КП СОЛИДАРНА БЪЛГАРИЯ - Коалиция","04.06.2024","Кандидат","0.00 лв.","900.00 лв.","Свали"
"Минчо Афузов","КП СОЛИДАРНА БЪЛГАРИЯ - Коалиция","13.05.2024","Кандидат","0.00 лв.","3000.00 лв.","Свали"
"Минчо Копрински","КП СИНЯ БЪЛГАРИЯ - Коалиция","","Кандидат","360.00 лв.","0.00 лв.",""
"Мирослав Стоянов","БЪЛГАРСКИ ГЛАСЪ - Партия","10.05.2024","","900.00 лв.","0.00 лв.",""
"Михаил Иванов","КП ЛЕВИЦАТА! - Коалиция","","Кандидат","880.00 лв.","0.00 лв.",""
"Михаил Михалев","КП БСП ЗА БЪЛГАРИЯ - Коалиция","","Кандидат","1000.00 лв.","0.00 лв.","Свали"
"Михал Камбарев","КП ПРОДЪЛЖАВАМЕ ПРОМЯНАТА - ДЕМОКРАТИЧНА БЪЛГАРИЯ - Коалиция","06.06.2024","","6000.00 лв.","0.00 лв.","Свали"
"Момчил Ненов","КП БСП ЗА БЪЛГАРИЯ - Коалиция","","Кандидат","900.00 лв.","0.00 лв.",""
"НАДЕЖДА ЯНАКИЕВА","КП БСП ЗА БЪЛГАРИЯ - Коалиция","","Кандидат","900.00 лв.","0.00 лв.",""
"НАЙДЕН КЪСОВ","КП БСП ЗА БЪЛГАРИЯ - Коалиция","","Кандидат","1000.00 лв.","0.00 лв.","Свали"
"НАТАЛИЯ  ДИМИТРОВА.ПОПОВА","ЗЕЛЕНО ДВИЖЕНИЕ - Партия","22.05.2024","Кандидат","200.00 лв.","0.00 лв.",""
"НИКОЛАЙ   КАВАРДЖИКЛИЕВ","КП БСП ЗА БЪЛГАРИЯ - Коалиция","","Кандидат","0.00 лв.","120.00 лв.","Свали"
"НИКОЛАЙ   КАВАРДЖИКЛИЕВ","КП БСП ЗА БЪЛГАРИЯ - Коалиция","","Кандидат","0.00 лв.","80.00 лв.","Свали"
"НИКОЛАЙ   КАВАРДЖИКЛИЕВ","КП БСП ЗА БЪЛГАРИЯ - Коалиция","","Кандидат","0.00 лв.","240.00 лв.","Свали"
"НИКОЛАЙ  КАВАРДЖИКЛИЕВ","КП БСП ЗА БЪЛГАРИЯ - Коалиция","","Кандидат","0.00 лв.","240.00 лв.","Свали"
"НИКОЛАЙ  КАВАРДЖИКЛИЕВ","КП БСП ЗА БЪЛГАРИЯ - Коалиция","","Кандидат","0.00 лв.","500.00 лв.","Свали"
"НИКОЛАЙ  КАВАРДЖИКЛИЕВ","КП БСП ЗА БЪЛГАРИЯ - Коалиция","","Кандидат","0.00 лв.","492.00 лв.","Свали"
"НИКОЛАЙ Г КАВАРДЖИКЛИЕВ","КП БСП ЗА БЪЛГАРИЯ - Коалиция","","Кандидат","0.00 лв.","120.00 лв.","Свали"
"НИКОЛАЙ КАВАРДЖИКЛИЕВ","КП БСП ЗА БЪЛГАРИЯ - Коалиция","","Кандидат","0.00 лв.","200.00 лв.","Свали"
"Наско Рафаилов","КП СИНЯ БЪЛГАРИЯ - Коалиция","","Кандидат","2500.00 лв.","0.00 лв.","Свали"
"Наско Рафаилов","КП СИНЯ БЪЛГАРИЯ - Коалиция","","Кандидат","0.00 лв.","2116.62 лв.","Свали"
"Наско Рафаилов","КП СИНЯ БЪЛГАРИЯ - Коалиция","","Кандидат","0.00 лв.","2351.00 лв.","Свали"
"Невена Петрова","КП СОЛИДАРНА БЪЛГАРИЯ - Коалиция","13.05.2024","Кандидат","1500.00 лв.","0.00 лв.","Свали"
"Невена Петрова","КП СОЛИДАРНА БЪЛГАРИЯ - Коалиция","29.05.2024","Кандидат","8800.00 лв.","0.00 лв.","Свали"
"Неделин Марков","КП БСП ЗА БЪЛГАРИЯ - Коалиция","","Кандидат","900.00 лв.","0.00 лв.",""
"Неделчо  Маринов","КП БСП ЗА БЪЛГАРИЯ - Коалиция","","Кандидат","999.00 лв.","0.00 лв.","Свали"
"Ненка Стойчева","БЪЛГАРСКИ ГЛАСЪ - Партия","07.05.2024","Кандидат","900.00 лв.","0.00 лв.",""
"Никола Минчев","КП ПРОДЪЛЖАВАМЕ ПРОМЯНАТА - ДЕМОКРАТИЧНА БЪЛГАРИЯ - Коалиция","21.05.2024","","1971.48 лв.","0.00 лв.","Свали"
"Никола Янков","КП СИНЯ БЪЛГАРИЯ - Коалиция","","Кандидат","0.00 лв.","9149.29 лв.","Свали"
"Николай Андонов","КП СОЛИДАРНА БЪЛГАРИЯ - Коалиция","20.05.2024","Кандидат","800.00 лв.","0.00 лв.",""
"Николай Дренчев","БЪЛГАРСКИ ГЛАСЪ - Партия","10.05.2024","Кандидат","450.00 лв.","0.00 лв.",""
"Николай Каварджиклиев","КП БСП ЗА БЪЛГАРИЯ - Коалиция","","Кандидат","0.00 лв.","600.00 лв.","Свали"
"Николай Каварджиклиев","КП БСП ЗА БЪЛГАРИЯ - Коалиция","","Кандидат","0.00 лв.","960.00 лв.","Свали"
"Николай Наков","КП ЛЕВИЦАТА! - Коалиция","","Кандидат","930.00 лв.","0.00 лв.",""
"Николай Пенчев","КП БСП ЗА БЪЛГАРИЯ - Коалиция","","Кандидат","1000.00 лв.","0.00 лв.","Свали"
"Николай Петров","КП ЛЕВИЦАТА! - Коалиция","","Кандидат","120.00 лв.","0.00 лв.",""
"Николай Попов","БЪЛГАРСКИ ГЛАСЪ - Партия","07.05.2024","Кандидат","900.00 лв.","0.00 лв.",""
"Николай Радулов","КП СИНЯ БЪЛГАРИЯ - Коалиция","","Кандидат","1500.00 лв.","0.00 лв.","Свали"
"Николай Томитов","КП ПРОДЪЛЖАВАМЕ ПРОМЯНАТА - ДЕМОКРАТИЧНА БЪЛГАРИЯ - Коалиция","30.05.2024","","0.00 лв.","902.40 лв.",""
"ПЛАМЕН ПАНЕВ","КП БСП ЗА БЪЛГАРИЯ - Коалиция","","Кандидат","680.00 лв.","0.00 лв.",""
"Павел  Стоименов","КП ЦЕНТЪР - Коалиция","17.05.2024","Кандидат","0.00 лв.","67542.00 лв.","Свали"
"Павел  Стоименов","КП ЦЕНТЪР - Коалиция","17.05.2024","Кандидат","0.00 лв.","2606.00 лв.","Свали"
"Павел  Стоименов","КП ЦЕНТЪР - Коалиция","20.05.2024","Кандидат","0.00 лв.","1455.14 лв.","Свали"
"Павел  Стоименов","КП ЦЕНТЪР - Коалиция","22.05.2024","Кандидат","0.00 лв.","7505.94 лв.","Свали"
"Павел  Стоименов","КП ЦЕНТЪР - Коалиция","23.05.2024","Кандидат","0.00 лв.","824.40 лв.","Свали"
"Павел  Стоименов","КП ЦЕНТЪР - Коалиция","27.05.2024","Кандидат","0.00 лв.","46187.76 лв.","Свали"
"Павел  Стоименов","КП ЦЕНТЪР - Коалиция","29.05.2024","Кандидат","0.00 лв.","11484.00 лв.","Свали"
"Павел  Стоименов","КП ЦЕНТЪР - Коалиция","30.05.2024","Кандидат","0.00 лв.","6134.40 лв.","Свали"
"Павел  Стоименов","КП ЦЕНТЪР - Коалиция","03.06.2024","Кандидат","0.00 лв.","65515.20 лв.","Свали"
"Павел  Стоименов","КП ЦЕНТЪР - Коалиция","05.06.2024","Кандидат","0.00 лв.","1000.00 лв.","Свали"
"Павел  Стоименов","КП ЦЕНТЪР - Коалиция","06.06.2024","Кандидат","0.00 лв.","360.00 лв.","Свали"
"Павел  Стоименов","КП ЦЕНТЪР - Коалиция","07.06.2024","Кандидат","0.00 лв.","7170.00 лв.","Свали"
"Павлинка Илиева","БЪЛГАРСКИ ГЛАСЪ - Партия","08.05.2024","Кандидат","900.00 лв.","0.00 лв.",""
"Паскал Желязков","КП ЛЕВИЦАТА! - Коалиция","","Кандидат","0.00 лв.","2052.00 лв.","Свали"
"Паскал Желязков","КП ЛЕВИЦАТА! - Коалиция","","Кандидат","0.00 лв.","300.00 лв.","Свали"
"Пенка Деведжиева","КП СИНЯ БЪЛГАРИЯ - Коалиция","","Кандидат","0.00 лв.","600.00 лв.",""
"Петко Прокопов","КП БСП ЗА БЪЛГАРИЯ - Коалиция","","Кандидат","1000.00 лв.","0.00 лв.","Свали"
"Петър Кьосев","КП ПРОДЪЛЖАВАМЕ ПРОМЯНАТА - ДЕМОКРАТИЧНА БЪЛГАРИЯ - Коалиция","20.05.2024","","2500.00 лв.","0.00 лв.","Свали"
"Петър Москодв","КП СИНЯ БЪЛГАРИЯ - Коалиция","","Кандидат","0.00 лв.","9041.57 лв.","Свали"
"Петър Петров","КП ЛЕВИЦАТА! - Коалиция","","Кандидат","0.00 лв.","600.00 лв.",""
"Пламена Заячка","КП ЛЕВИЦАТА! - Коалиция","","Кандидат","930.00 лв.","0.00 лв.",""
"Радослав  Георгиев","КП БСП ЗА БЪЛГАРИЯ - Коалиция","","Кандидат","1000.00 лв.","0.00 лв.","Свали"
"Радослав Рибарски","КП ПРОДЪЛЖАВАМЕ ПРОМЯНАТА - ДЕМОКРАТИЧНА БЪЛГАРИЯ - Коалиция","21.05.2024","","7000.00 лв.","0.00 лв.","Свали"
"Росен Рачев","БЪЛГАРСКИ ГЛАСЪ - Партия","08.05.2024","Кандидат","900.00 лв.","0.00 лв.",""
"Росица Рачева","КП СИНЯ БЪЛГАРИЯ - Коалиция","","Кандидат","5000.00 лв.","0.00 лв.","Свали"
"Росица Рачева","КП СИНЯ БЪЛГАРИЯ - Коалиция","","Кандидат","2500.00 лв.","0.00 лв.","Свали"
"Росица Рачева","КП СИНЯ БЪЛГАРИЯ - Коалиция","","Кандидат","0.00 лв.","5210.69 лв.","Свали"
"Ростислава Димитрова","КП ЦЕНТЪР - Коалиция","27.05.2024","Кандидат","0.00 лв.","3000.00 лв.","Свали"
"Румен Петков","КП ЛЕВИЦАТА! - Коалиция","","Кандидат","3564.00 лв.","0.00 лв.","Свали"
"Румен Петков","КП ЛЕВИЦАТА! - Коалиция","","Кандидат","0.00 лв.","276.00 лв.","Свали"
"Румен Петков","КП ЛЕВИЦАТА! - Коалиция","","Кандидат","0.00 лв.","2040.00 лв.","Свали"
"СВЕТОСЛАВ ТОДОРОВ","ВЪЗРАЖДАНЕ - Партия","05.06.2024","Кандидат","7000.00 лв.","0.00 лв.","Свали"
"СЕВДАЛИН ХЪШИНОВ","КП БСП ЗА БЪЛГАРИЯ - Коалиция","","Кандидат","1000.00 лв.","0.00 лв.","Свали"
"СИМЕОН СЛАВЧЕВ","КП БСП ЗА БЪЛГАРИЯ - Коалиция","","Кандидат","1000.00 лв.","0.00 лв.","Свали"
"СМИЛЯНА НИТОВА-КРЪСТЕВА","КП БСП ЗА БЪЛГАРИЯ - Коалиция","","Кандидат","900.00 лв.","0.00 лв.",""
"СТАНИМИР СТОЙЧЕВ","КП БСП ЗА БЪЛГАРИЯ - Коалиция","","Кандидат","600.00 лв.","0.00 лв.",""
"СТАНИСЛАВ СТОЯНОВ","КП БСП ЗА БЪЛГАРИЯ - Коалиция","","Кандидат","1000.00 лв.","0.00 лв.","Свали"
"СТЕФАН  БАЛАБАНОВ","ВМРО-БЪЛГАРСКО НАЦИОНАЛНО ДВИЖЕНИЕ - Партия","06.06.2024","Кандидат","900.00 лв.","0.00 лв.","Свали"
"СТОИЛКО  АПОСТОЛОВ","ЗЕЛЕНО ДВИЖЕНИЕ - Партия","20.05.2024","Кандидат","800.00 лв.","0.00 лв.",""
"Светла Драгова","КП ЦЕНТЪР - Коалиция","30.05.2024","Кандидат","0.00 лв.","200.00 лв.",""
"Светлозар Златев","КП ЛЕВИЦАТА! - Коалиция","","Кандидат","720.00 лв.","0.00 лв.","Свали"
"Светлозар Златев","КП ЛЕВИЦАТА! - Коалиция","","Кандидат","0.00 лв.","1210.80 лв.","Свали"
"Светлозар Златев","КП ЛЕВИЦАТА! - Коалиция","","Кандидат","390.24 лв.","0.00 лв.","Свали"
"Светослав Ангелов","БЪЛГАРСКИ ГЛАСЪ - Партия","09.05.2024","Кандидат","700.00 лв.","0.00 лв.",""
"Светослав Велков","КП СОЛИДАРНА БЪЛГАРИЯ - Коалиция","02.06.2024","Кандидат","0.00 лв.","600.00 лв.",""
"Светослав Гочев","КП СИНЯ БЪЛГАРИЯ - Коалиция","","Кандидат","0.00 лв.","600.00 лв.",""
"Севдалина Димитрова-Енева","КП ЛЕВИЦАТА! - Коалиция","","Кандидат","0.00 лв.","168.00 лв.",""
"Силвия Димитрова","КП СОЛИДАРНА БЪЛГАРИЯ - Коалиция","10.05.2024","Кандидат","2200.00 лв.","0.00 лв.","Свали"
"Силвия Димитрова","КП СОЛИДАРНА БЪЛГАРИЯ - Коалиция","13.05.2024","Кандидат","1050.00 лв.","0.00 лв.","Свали"
"Силвия Димитрова","КП СОЛИДАРНА БЪЛГАРИЯ - Коалиция","31.05.2024","Кандидат","1230.00 лв.","0.00 лв.","Свали"
"Симеон Миланов","КП СОЛИДАРНА БЪЛГАРИЯ - Коалиция","01.06.2024","Кандидат","0.00 лв.","360.00 лв.",""
"Симеон Славчев","КП БСП ЗА БЪЛГАРИЯ - Коалиция","","Кандидат","1000.00 лв.","0.00 лв.","Свали"
"Симона Кръстева","КП ЦЕНТЪР - Коалиция","20.05.2024","Кандидат","600.00 лв.","0.00 лв.","Свали"
"Симона Кръстева","КП ЦЕНТЪР - Коалиция","23.05.2024","Кандидат","600.00 лв.","0.00 лв.","Свали"
"Симона Кръстева","КП ЦЕНТЪР - Коалиция","29.05.2024","Кандидат","600.00 лв.","0.00 лв.","Свали"
"Снежана Петрова","КП ЛЕВИЦАТА! - Коалиция","","Кандидат","800.00 лв.","0.00 лв.",""
"София Вергилова-Георгиева","КП БСП ЗА БЪЛГАРИЯ - Коалиция","","Кандидат","1000.00 лв.","0.00 лв.","Свали"
"Станимир Маринов","КП ЛЕВИЦАТА! - Коалиция","","Кандидат","800.00 лв.","0.00 лв.",""
"Станислав Богдански","ИМА ТАКЪВ НАРОД - Партия","09.04.2024","Кандидат","5000.00 лв.","0.00 лв.","Свали"
"Станислав Богдански","ИМА ТАКЪВ НАРОД - Партия","17.04.2024","Кандидат","5000.00 лв.","0.00 лв.","Свали"
"Стефан Стефанов","КП СОЛИДАРНА БЪЛГАРИЯ - Коалиция","13.05.2024","Кандидат","0.00 лв.","1464.00 лв.","Свали"
"Стефан Стойчев","КП БСП ЗА БЪЛГАРИЯ - Коалиция","","Кандидат","900.00 лв.","0.00 лв.",""
"Стоил Далевски","КП ПРОДЪЛЖАВАМЕ ПРОМЯНАТА - ДЕМОКРАТИЧНА БЪЛГАРИЯ - Коалиция","20.05.2024","","0.00 лв.","1396.46 лв.","Свали"
"Стоил Далевски","КП ПРОДЪЛЖАВАМЕ ПРОМЯНАТА - ДЕМОКРАТИЧНА БЪЛГАРИЯ - Коалиция","20.05.2024","","0.00 лв.","1396.42 лв.","Свали"
"Стоян Грозев","БЪЛГАРСКИ ВЪЗХОД - Партия","03.06.2024","Кандидат","0.00 лв.","854.40 лв.",""
"Стоян Желязков","КП СОЛИДАРНА БЪЛГАРИЯ - Коалиция","04.06.2024","Кандидат","0.00 лв.","900.00 лв.",""
"ТОМА  БЕЛЕВ","ЗЕЛЕНО ДВИЖЕНИЕ - Партия","04.06.2024","Кандидат","850.00 лв.","0.00 лв.",""
"Татяна Тотева","КП ЛЕВИЦАТА! - Коалиция","","Кандидат","0.00 лв.","7557.34 лв.","Свали"
"Теодора Ненкова","КП СОЛИДАРНА БЪЛГАРИЯ - Коалиция","03.06.2024","Кандидат","0.00 лв.","900.00 лв.",""
"Тереза Христова","БЪЛГАРСКИ ГЛАСЪ - Партия","17.05.2024","Кандидат","900.00 лв.","0.00 лв.",""
"Тодор Терзиев","КП ПРОДЪЛЖАВАМЕ ПРОМЯНАТА - ДЕМОКРАТИЧНА БЪЛГАРИЯ - Коалиция","14.05.2024","","0.00 лв.","800.00 лв.",""
"Тодор Тодоров","КП ЛЕВИЦАТА! - Коалиция","","Кандидат","700.00 лв.","0.00 лв.",""
"ХРИСТО ПРОДАНОВ","КП БСП ЗА БЪЛГАРИЯ - Коалиция","","Кандидат","8913.00 лв.","0.00 лв.","Свали"
"Христо  Кавалски","КП БСП ЗА БЪЛГАРИЯ - Коалиция","","Кандидат","900.00 лв.","0.00 лв.",""
"Христо Колев","КП ЛЕВИЦАТА! - Коалиция","","Кандидат","0.00 лв.","200.00 лв.",""
"Христо Колев","КП ЛЕВИЦАТА! - Коалиция","","Кандидат","0.00 лв.","360.00 лв.",""
"Христо Колев","КП ЛЕВИЦАТА! - Коалиция","","Кандидат","378.00 лв.","0.00 лв.","Свали"
"Христо Колев","КП ЛЕВИЦАТА! - Коалиция","","Кандидат","0.00 лв.","180.00 лв.",""
"Христо Петров","КП ПРОДЪЛЖАВАМЕ ПРОМЯНАТА - ДЕМОКРАТИЧНА БЪЛГАРИЯ - Коалиция","07.06.2024","","5000.00 лв.","0.00 лв.","Свали"
"Цветан Цонев","НИЕ ИДВАМЕ - Партия","05.06.2024","","500.00 лв.","0.00 лв.",""
"Цветомир Савов","КП БСП ЗА БЪЛГАРИЯ - Коалиция","","Кандидат","1000.00 лв.","0.00 лв.","Свали"
"Юлиан Андреев","БЪЛГАРСКИ ГЛАСЪ - Партия","23.05.2024","","600.00 лв.","0.00 лв.",""
"Юлиан Ненчев","КП СОЛИДАРНА БЪЛГАРИЯ - Коалиция","21.05.2024","Кандидат","456.00 лв.","0.00 лв.","Свали"
"Юлиан Ненчев","КП СОЛИДАРНА БЪЛГАРИЯ - Коалиция","21.05.2024","Кандидат","0.00 лв.","122.47 лв.","Свали"
"Юлиан Ненчев","КП СОЛИДАРНА БЪЛГАРИЯ - Коалиция","04.06.2024","Кандидат","360.00 лв.","0.00 лв.","Свали"
"Юлия  Цанкова","КП ЛЕВИЦАТА! - Коалиция","","Кандидат","500.00 лв.","0.00 лв.",""
"ЯНКА ЧОЛАКОВА","КП БСП ЗА БЪЛГАРИЯ - Коалиция","","Кандидат","900.00 лв.","0.00 лв.",""
"Явор Божанков","КП ПРОДЪЛЖАВАМЕ ПРОМЯНАТА - ДЕМОКРАТИЧНА БЪЛГАРИЯ - Коалиция","28.05.2024","","0.00 лв.","495.00 лв.","Свали"
"Явор Божанков","КП ПРОДЪЛЖАВАМЕ ПРОМЯНАТА - ДЕМОКРАТИЧНА БЪЛГАРИЯ - Коалиция","28.05.2024","","0.00 лв.","54.00 лв.","Свали"
"Явор Божанков","КП ПРОДЪЛЖАВАМЕ ПРОМЯНАТА - ДЕМОКРАТИЧНА БЪЛГАРИЯ - Коалиция","28.05.2024","","0.00 лв.","864.00 лв.","Свали"
"Явор Божанков","КП ПРОДЪЛЖАВАМЕ ПРОМЯНАТА - ДЕМОКРАТИЧНА БЪЛГАРИЯ - Коалиция","28.05.2024","","0.00 лв.","1488.48 лв.","Свали"
"Явор Божанков","КП ПРОДЪЛЖАВАМЕ ПРОМЯНАТА - ДЕМОКРАТИЧНА БЪЛГАРИЯ - Коалиция","28.05.2024","","0.00 лв.","840.00 лв.","Свали"
"Явор Божанков","КП ПРОДЪЛЖАВАМЕ ПРОМЯНАТА - ДЕМОКРАТИЧНА БЪЛГАРИЯ - Коалиция","29.05.2024","","0.00 лв.","864.00 лв.","Свали"
"Явор Божанков","КП ПРОДЪЛЖАВАМЕ ПРОМЯНАТА - ДЕМОКРАТИЧНА БЪЛГАРИЯ - Коалиция","29.05.2024","","0.00 лв.","1000.00 лв.","Свали"
"Явор Божанков","КП ПРОДЪЛЖАВАМЕ ПРОМЯНАТА - ДЕМОКРАТИЧНА БЪЛГАРИЯ - Коалиция","29.05.2024","","0.00 лв.","259.20 лв.","Свали"
"Явор Божанков","КП ПРОДЪЛЖАВАМЕ ПРОМЯНАТА - ДЕМОКРАТИЧНА БЪЛГАРИЯ - Коалиция","06.06.2024","","0.00 лв.","700.00 лв.","Свали"
"Явор Божанков","КП ПРОДЪЛЖАВАМЕ ПРОМЯНАТА - ДЕМОКРАТИЧНА БЪЛГАРИЯ - Коалиция","06.06.2024","","0.00 лв.","1200.00 лв.","Свали"
"Явор Жеков","БЪЛГАРСКИ ВЪЗХОД - Партия","08.05.2024","Кандидат","0.00 лв.","224.50 лв.",""
"Янко Стоянов","КП СИНЯ БЪЛГАРИЯ - Коалиция","","Кандидат","1000.00 лв.","0.00 лв.","Свали"